t silhouette for object 1 does not match.,
t silhouette for object 1 does not match.,
t silhouette for object 1 does not match.,
688492063,
5458333333,
1180357143,
2495270416,
1039942747,
251526506,
511111111,
809523810,
161111111,
1598412698,
344877345,
688492063,
4519444444,
1125992063,
2495270416,
1039942747,
272729769,
511111111,
809523810,
161111111,
1598412698,
344877345,
852168175,
616666667,
1287734488,
7928968254,
3962061087,
522756410,
246650853,
467857143,
1490248402,
t silhouette for object 1 does not match.,
t silhouette for object 1 does not match.,
t silhouette for object 1 does not match.,
688492063,
5458333333,
1180357143,
2537034208,
1017659475,
251526506,
511111111,
809523810,
161111111,
1598412698,
344877345,
1210854342,
478822055,
1408037058,
7928968254,
4151303687,
791203704,
273769709,
503968254,
1306915068,
485714286,
299101307,
1520634921,
1266666667,
388314302,
2001190476,
1539862802,
13333333333,
632222850,
7605143876,
1735419809,
704232804,
232525566,
637941246,
1046086297,
1041666667,
158573854,
1823398502,
230058480,
196424462,
155462848,
482142857,
535683865,
994016808,
2250000000,
866666667,
336111111,
1917619048,
1483333333,
180303030,
677380952,
5458333333,
1205357143,
2451024384,
1054148119,
251526506,
511111111,
809523810,
161111111,
1598412698,
344877345,
1210854342,
486397813,
1269949662,
7928968254,
4151303687,
953848631,
273769709,
733333333,
1406878993,
485714286,
299242424,
1861111111,
1266666667,
842498001,
2001190476,
1539862802,
13333333333,
632222850,
7605143876,
1735419809,
627083333,
161308204,
637941246,
714608262,
1283333333,
158573854,
1823398502,
230058480,
196424462,
155462848,
309523810,
535683865,
783513709,
2559523810,
866666667,
336111111,
1917619048,
1483333333,
180303030,
4458102024,
943686869,
527061046,
1983187135,
1035666186,
2301190476,
1114578200,
1567099567,
174242424,
492857143,
2184451790,
866666667,
815038314,
27736204482,
216242690,
186480573,
1054205006,
1173412698,
1591562159,
586063387,
1105219978,
730158569,
388720294,
480891331,
517857143,
239085999,
492594326,
174242424,
612604466,
403102453,
1037709138,
1742033671,
4780097680,
825763126,
1921715273,
246995125,
194444444,
626785714,
950000000,
492467999,
1895051198,
476811594,
802916825,
566666667,
214285714,
846266234,
609224860,
1145977633,
343055556,
1575366300,
533333333,
4942857143,
545535714,
2376388889,
829835522,
314758297,
476190476,
1236111111,
299145299,
1920634921,
351190476,
2295002658,
634498834,
870277690,
6451851852,
1768310843,
740346173,
167249417,
444444444,
490058396,
466666667,
283478261,
2001190476,
1476190476,
586086136,
1625000000,
1691463278,
10666666667,
268768070,
2246133939,
1930661882,
570353303,
100423197,
878092761,
821720355,
1316666667,
238825758,
970470682,
303939525,
218691766,
232614849,
534498834,
542194859,
643109668,
1830158730,
583333333,
333333333,
1041933475,
1250000000,
451028139,
888571039,
791341991,
415121394,
2088131313,
800105279,
2141666667,
904978355,
1700000000,
176923077,
496825397,
1424768695,
866666667,
1399540043,
12947835498,
208660076,
201674239,
1276793445,
647533023,
1207591074,
420380189,
563400876,
614554745,
343406593,
480332168,
491666667,
201666091,
438135884,
171428571,
340844591,
362741892,
854717967,
1692890212,
3508248992,
883134921,
1904651781,
347616244,
194444444,
713888889,
1027777778,
456381826,
1599889000,
549145299,
666620014,
533333333,
5442857143,
545535714,
2406944444,
995573871,
314758297,
485714286,
ed EOF,
677380952,
4890909091,
676544289,
2362576313,
738910578,
588559238,
476190476,
834956710,
325490196,
2840079365,
351190476,
1388888889,
385353535,
1127330077,
11478042328,
6122620500,
637400042,
108556833,
783333333,
521649625,
466666667,
280252101,
1560714286,
2083333333,
514331865,
1845634921,
1413503164,
9616666667,
314526618,
3876226551,
1375062846,
452380952,
208732781,
1197136626,
429036650,
1101190476,
232539683,
1500738120,
339879776,
169853480,
179520662,
535353535,
487712232,
647139017,
2061879787,
908333333,
333333333,
2522023524,
1767857143,
274621212,
788111398,
772533023,
302098944,
1862240537,
866873331,
1269444444,
1101724664,
2026190476,
176923077,
549206349,
1133044586,
991666667,
990384615,
14597049689,
154178863,
252005976,
987226229,
1498351648,
1222509470,
555628280,
440916102,
968188129,
173766157,
557390407,
590909091,
158824427,
472098976,
171428571,
355002239,
544218720,
864037971,
2028685597,
2241796112,
1128968254,
1690616736,
453894606,
391666667,
748629149,
1075000000,
594650039,
1397648185,
542200855,
906658741,
411111111,
214285714,
691738817,
577489619,
867289473,
415721040,
1311544012,
677380952,
5700000000,
758557626,
2602063580,
1081351172,
414120085,
476190476,
823412698,
307539683,
1755891331,
392857143,
1374150849,
485964912,
1075869889,
9069708995,
2054775998,
477629723,
297003284,
682539683,
3011111111,
616346154,
1645524797,
699911565,
286478982,
541666667,
1091666667,
321428571,
1293849206,
344877345,
2553589466,
457575758,
861735487,
4759570495,
1818808969,
933982684,
171097308,
511111111,
363758004,
444444444,
388461538,
1201190476,
991666667,
318675491,
1370945721,
1274167562,
7583333333,
729448555,
1827788878,
2035098522,
308333333,
221862969,
846440100,
603269461,
1283333333,
252564103,
1965811403,
281798246,
211619586,
114722497,
775000000,
807713490,
941399287,
1813528139,
900000000,
351190476,
1027593166,
1483333333,
255131579,
1087917951,
1117929293,
259396889,
1411111111,
682539683,
2944444444,
422817460,
1601897122,
1036901154,
467145650,
541666667,
1162301587,
323412698,
1175793651,
344877345,
2553589466,
457575758,
840945166,
4816713352,
1818808969,
920866356,
664682540,
819047619,
3528571429,
432647059,
1376416128,
686697513,
331879071,
476190476,
1037301587,
276923077,
1238888889,
344877345,
1669696970,
594780220,
641188578,
8593518519,
1772062648,
591919192,
154348450,
511111111,
313906570,
444444444,
288621509,
1467857143,
1750000000,
445164464,
1201190476,
1220917868,
10333333333,
548933953,
2681962400,
2310206219,
526806527,
141702690,
720053578,
543050580,
1041666667,
120223577,
955214607,
201091270,
156386541,
147433027,
264520202,
520471401,
861416361,
1475793651,
866666667,
344877345,
1301471401,
1625000000,
267720685,
724460855,
2566964286,
315638083,
962637363,
787660779,
2344444444,
895243645,
2401190476,
160256410,
500000000,
1000067505,
976190476,
425171261,
8716269841,
199627359,
324307315,
627649616,
832633053,
903347929,
259857474,
416791980,
200268700,
197299637,
449831966,
491666667,
170537220,
368038394,
171428571,
249529196,
227864595,
731721183,
1394476765,
2246003765,
803210678,
1332377345,
108942715,
233333333,
564423077,
900000000,
295631069,
1302193640,
447691198,
ed EOF,
ed EOF,
695238095,
2533333333,
694599845,
1747528860,
652364112,
291985777,
866666667,
695238095,
3383333333,
639285714,
1510731752,
892350142,
288150265,
476190476,
1033333333,
340909091,
1538070263,
375000000,
1579265566,
616666667,
623986597,
11212962963,
1639713482,
726626560,
193324220,
444444444,
552108154,
492857143,
172222222,
1620634921,
1509523810,
327960697,
1185256410,
1755348413,
9583333333,
231837119,
2780891331,
2428688266,
497156085,
298607819,
627201985,
1052797100,
1283333333,
226811594,
629288687,
327510398,
159509876,
173044569,
447222222,
472113361,
676623377,
1804761905,
944444444,
333333333,
1047707442,
1634523810,
278597308,
566040505,
577777778,
161637427,
1468253968,
541092893,
1776190476,
701724664,
1966666667,
176923077,
632478632,
1298187433,
1059523810,
753679654,
10266089466,
225515873,
252423289,
648869580,
1031324231,
963862009,
279656396,
742784680,
301151010,
181704981,
351522069,
1017857143,
144505164,
294618304,
171428571,
361865162,
288403706,
1127799774,
1450398621,
2227943299,
869047619,
1095993772,
144031856,
233333333,
844599845,
1333333333,
385023119,
1348691270,
476984127,
697077247,
378968254,
214285714,
588742690,
908472372,
2174789722,
397276380,
745670996,
753968254,
4466666667,
860380306,
1772532043,
691027284,
297837167,
476190476,
1033333333,
274242424,
1570970696,
344877345,
1642247387,
562500000,
615036075,
5400000000,
1438075609,
497408655,
175391850,
444444444,
420417314,
466666667,
303907204,
1867857143,
1562500000,
469210087,
1203968254,
1646282479,
10333333333,
458365485,
2571223221,
1720488133,
322883680,
234044527,
572378051,
442754068,
1283333333,
118947314,
746986316,
184841270,
148467304,
197779563,
313131313,
500000000,
ed EOF,
852275910,
1177071962,
ed EOF,
500000000,
3942857143,
546256039,
1503907204,
587077922,
377871541,
476190476,
781746032,
285353535,
1282575758,
438095238,
1026655697,
614285714,
544153711,
7204232804,
1565587504,
445345395,
129349817,
444444444,
471786970,

500000000,
288095238,
1244047619,
1476923077,
399030370,
1136544012,
1625132387,
8250000000,
436053628,
2306453677,
1151941114,
294794225,
223537146,
780866785,
440453661,
1041666667,
112745098,
1159485144,
281986532,
207215007,
230563909,
298412698,
736620285,
653665501,
1324603175,
1025000000,
344877345,
940280961,
1809523810,
277319902,
905971368,
537557998,
215108664,
1396037296,
261249661,
1334523810,
981565657,
1694444444,
176923077,
500432900,
1391461242,
976190476,
596625597,
10563095238,
193604933,
211208011,
827574961,
652579365,
1136984717,
385375273,
373560955,
225205043,
203574204,
475580428,
527777778,
167815155,
381507047,
171428571,
370599975,
312218293,
683680219,
1073436183,
2835485810,
621067821,
1250595238,
251355016,
201923077,
731486569,
900000000,
243857161,
1156152078,
396037296,
536571859,
566666667,
214285714,
588942008,
438090982,
742035390,
228472222,
1059094092,

500000000,
3509523810,
598872838,
1470530858,
493028510,
248111472,
476190476,
784523810,
299145299,
1045634921,
375000000,
1744267589,
441520468,
596926498,
6251851852,
1612417071,
718834842,
108873003,
511111111,
282286736,
493589744,
215811966,
1126190476,

e of block 1 differs between objects 1 and 2.,
is not connected in the object 2,
e of block 1 differs between objects 1 and 2.,
is not connected in the object 1,
e of block 1 differs between objects 1 and 2.,
e of block 1 differs between objects 1 and 2.,
478968254,
4350000000,
618286289,
1641583182,
803968254,
4011111111,
695270416,
1193012266,
457497486,
302059855,
476190476,
952380952,
319444444,
2327871148,
344877345,
896596459,
392857143,
513451013,
4134163059,
1475782681,
569047619,
171044121,
511111111,
345191486,
444444444,
296918768,
1509523810,
1601190476,
329194993,
1385714286,
1132409665,
10750000000,
393047997,
1885761461,
1048371648,
413227513,
107594640,
696825397,
677380952,
3000000000,
412232620,
2730536034,
698412698,
3000000000,
412232620,
2730536034,
457546787,
190899123,
476190476,
1070634921,
285353535,
1418253968,
366666667,
1529894180,
510207337,
455077663,
4616017316,
1481078154,
466041366,
165144928,
444444444,
313335123,
428571429,
194589372,
1329166667,
1101190476,
359656683,
1404401154,
1204483017,
8000000000,
517293166,
2020447671,
782955450,
500000000,
2927380952,
685634921,
1294022644,
617791389,
358434723,
476190476,
1110714286,
322222222,
1078210678,
483333333,
1591269841,
374242424,
699499417,
3319455544,
1212777791,
582279942,
103405797,
601190476,
451747471,
444444444,
153121775,
1417857143,
1625000000,
275298273,
1105158730,
1015605636,
9500000000,
547541134,
2391869816,
637351945,
373861844,
219851693,
664005460,
616856672,
1041666667,
211309524,
1534861349,
310533911,
107762478,
159916885,
270833333,
563752604,
619146540,
1690079365,
892857143,
333333333,
470517564,
703968254,
157748261,
566735681,
669788442,
89148239,
1352777778,
473058396,
1369047619,
660750361,
1683333333,
173611111,
502777778,
1050556451,
866666667,
756589147,
10001129426,
197486117,
240276575,
685994561,
1025432900,
1258659649,
367953455,
388274113,
328646717,
194857430,
